<?xml version="1.0" encoding="UTF-8"?>
<project-private xmlns="http://www.netbeans.org/ns/project-private/1">
    <data xmlns="http://www.netbeans.org/ns/profiler/1" version="0.9.1"/>
    <editor-bookmarks xmlns="http://www.netbeans.org/ns/editor-bookmarks/1"/>
    <open-files xmlns="http://www.netbeans.org/ns/projectui-open-files/1">
        <file>file:/C:/Users/KuttaA/Dropbox/Research/GaussianExposure/src/GaussianExposure/WirelessSensorNetwork.java</file>
        <file>file:/C:/Users/KuttaA/Dropbox/Research/GaussianExposure/src/GaussianExposure/GlobalRuntimeVariables.java</file>
        <file>file:/C:/Users/KuttaA/Dropbox/Research/GaussianExposure/src/GaussianExposure/Node.java</file>
        <file>file:/C:/Users/KuttaA/Dropbox/Research/GaussianExposure/src/GaussianExposure/GaussianExposureDriver.java</file>
        <file>file:/C:/Users/KuttaA/Dropbox/Research/GaussianExposure/src/IntruderPackage/Intruder.java</file>
        <file>file:/C:/Users/KuttaA/Dropbox/Research/GaussianExposure/src/IntruderPackage/CGrid.java</file>
        <file>file:/C:/Users/KuttaA/Dropbox/Research/GaussianExposure/src/EnumerationDefinitions/DistributionTypeEnum.java</file>
        <file>file:/C:/Users/KuttaA/Dropbox/Research/GaussianExposure/src/ThreadHandler/GaussianThread.java</file>
        <file>file:/C:/Users/KuttaA/Dropbox/Research/GaussianExposure/src/ThreadHandler/ThreadScheduler.java</file>
    </open-files>
</project-private>
